<?xml version="1.0" encoding="utf-8"?>
<!--/1786112/470609/2.49/5/4/Connector/-->
<quadcept_library>
  <setting unit="mil" />
  <textstyle name="Default" height="47.244094488189" strokewidth="7.8740157480315" charwidth="47.244094488189" />
  <textstyle name="Dimension" height="19.6850393700787" strokewidth="0" charwidth="19.6850393700787" />
  <textstyle name="H127W0635TH00762" height="50" strokewidth="3" charwidth="25" />
  <textstyle name="H15W15TH02" height="59.0551181102362" strokewidth="7.8740157480315" charwidth="59.0551181102362" />
  <padstyle name="c320_h215.41" surface="False" plated="True" isvia="False" nopaste="True" nomask="True" complex="False" holesize="84.807086614172">
    <padshape layer="TOP" shape="round" width="125.9842519685" height="125.9842519685" />
    <padshape layer="TOP_SOLDER_MASK" shape="round" width="133.85826771653" height="133.85826771653" />
    <padshape layer="INNER" shape="round" width="125.9842519685" height="125.9842519685" />
    <padshape layer="BOTTOM" shape="round" width="125.9842519685" height="125.9842519685" />
    <padshape layer="BOTTOM_SOLDER_MASK" shape="round" width="133.85826771653" height="133.85826771653" />
  </padstyle>
  <padstyle name="c365.3_h243.52" surface="False" plated="True" isvia="False" nopaste="True" nomask="True" complex="False" holesize="95.87401574803">
    <padshape layer="TOP" shape="round" width="143.81889763779" height="143.81889763779" />
    <padshape layer="TOP_SOLDER_MASK" shape="round" width="151.69291338582" height="151.69291338582" />
    <padshape layer="INNER" shape="round" width="143.81889763779" height="143.81889763779" />
    <padshape layer="BOTTOM" shape="round" width="143.81889763779" height="143.81889763779" />
    <padshape layer="BOTTOM_SOLDER_MASK" shape="round" width="151.69291338582" height="151.69291338582" />
  </padstyle>
  <padstyle name="c130_h260" surface="False" plated="True" isvia="False" nopaste="True" nomask="True" complex="False" holesize="102.36220472441">
    <padshape layer="TOP" shape="round" width="51.181102362204" height="51.181102362204" />
    <padshape layer="TOP_SOLDER_MASK" shape="round" width="59.055118110235" height="59.055118110235" />
    <padshape layer="INNER" shape="round" width="51.181102362204" height="51.181102362204" />
    <padshape layer="BOTTOM" shape="round" width="51.181102362204" height="51.181102362204" />
    <padshape layer="BOTTOM_SOLDER_MASK" shape="round" width="59.055118110235" height="59.055118110235" />
  </padstyle>
  <footprint name="PJ079BH" originx="0" originy="0" pickpointx="0" pickpointy="0">
    <pcbpin number="1" name="1" style="c320_h215.41" originx="0" originy="0" rotation="90" />
    <pcbpin number="2" name="2" style="c320_h215.41" originx="0" originy="338.58267716535" rotation="90" />
    <pcbpin number="3" name="3" style="c320_h215.41" originx="0" originy="133.85826771653" rotation="90" />
    <pcbpin number="4" name="MH1" style="c365.3_h243.52" originx="-287.40157480315" originy="374.01574803149" rotation="90" />
    <pcbpin number="5" name="MH2" style="c365.3_h243.52" originx="-287.40157480315" originy="-15.748031496063" rotation="90" />
    <pcbpin number="6" name="MH3" style="c130_h260" originx="-248.03149606299" originy="129.92125984252" rotation="90" />
    <line layer="TOP_ASSEMBLY" originx="-405.51181102362" originy="377.95275590551" endx="47.244094488188" endy="377.95275590551" width="7.8740157480314" />
    <line layer="TOP_ASSEMBLY" originx="47.244094488188" originy="377.95275590551" endx="47.244094488188" endy="-19.685039370078" width="7.8740157480314" />
    <line layer="TOP_ASSEMBLY" originx="47.244094488188" originy="-19.685039370078" endx="-405.51181102362" endy="-19.685039370078" width="7.8740157480314" />
    <line layer="TOP_ASSEMBLY" originx="-405.51181102362" originy="-19.685039370078" endx="-405.51181102362" endy="377.95275590551" width="7.8740157480314" />
    <line layer="TOP_PLACE_BOUND" originx="-444.88188976377" originy="485.27559055118" endx="102.36220472441" endy="485.27559055118" width="3.9370078740157" />
    <line layer="TOP_PLACE_BOUND" originx="102.36220472441" originy="485.27559055118" endx="102.36220472441" endy="-127.00787401575" width="3.9370078740157" />
    <line layer="TOP_PLACE_BOUND" originx="102.36220472441" originy="-127.00787401575" endx="-444.88188976377" endy="-127.00787401575" width="3.9370078740157" />
    <line layer="TOP_PLACE_BOUND" originx="-444.88188976377" originy="-127.00787401575" endx="-444.88188976377" endy="485.27559055118" width="3.9370078740157" />
    <line layer="TOP_SILKSCREEN" originx="-366.14173228346" originy="377.95275590551" endx="-405.51181102362" endy="377.95275590551" width="3.9370078740157" />
    <line layer="TOP_SILKSCREEN" originx="-405.51181102362" originy="377.95275590551" endx="-405.51181102362" endy="-19.685039370078" width="3.9370078740157" />
    <line layer="TOP_SILKSCREEN" originx="-405.51181102362" originy="-19.685039370078" endx="-366.14173228346" endy="-19.685039370078" width="3.9370078740157" />
    <line layer="TOP_SILKSCREEN" originx="-3.9370078740157" originy="-86.614173228345" endx="-3.9370078740157" endy="-86.614173228345" width="7.8740157480314" />
    <arc layer="TOP_SILKSCREEN" originx="-5.4636959873285E-15" originy="-86.614173228345" startangle="180.0" sweepangle="180.0" radius="3.9370078740157" width="7.8740157480314" />
    <line layer="TOP_SILKSCREEN" originx="3.9370078740157" originy="-86.614173228345" endx="3.9370078740157" endy="-86.614173228345" width="7.8740157480314" />
    <arc layer="TOP_SILKSCREEN" originx="-5.4636959873285E-15" originy="-86.614173228345" startangle=".0" sweepangle="180.0" radius="3.9370078740157" width="7.8740157480314" />
  </footprint>
  <symbol name="PJ-079BH" originx="0" originy="0">
    <line originx="200" originy="100" endx="700" endy="100" width="0" />
    <line originx="700" originy="-300" endx="700" endy="100" width="0" />
    <line originx="700" originy="-300" endx="200" endy="-300" width="0" />
    <line originx="200" originy="100" endx="200" endy="-300" width="0" />
    <sympin number="1" originx="700" originy="-200" rotation="0" length="100" width="7.8740157480315" flipped="False">
      <text name="pinname" originx="670" originy="-200" style="Default" rotation="0" justify="right" flipped="False" hidden="False" data="1" />
      <text name="pindes" originx="760" originy="-180" style="Default" rotation="0" justify="lowerleft" flipped="False" hidden="False" data="1" />
    </sympin>
    <sympin number="2" originx="700" originy="0" rotation="0" length="100" width="7.8740157480315" flipped="False">
      <text name="pinname" originx="670" originy="0" style="Default" rotation="0" justify="right" flipped="False" hidden="False" data="2" />
      <text name="pindes" originx="760" originy="20" style="Default" rotation="0" justify="lowerleft" flipped="False" hidden="False" data="2" />
    </sympin>
    <sympin number="3" originx="700" originy="-100" rotation="0" length="100" width="7.8740157480315" flipped="False">
      <text name="pinname" originx="670" originy="-100" style="Default" rotation="0" justify="right" flipped="False" hidden="False" data="3" />
      <text name="pindes" originx="760" originy="-80" style="Default" rotation="0" justify="lowerleft" flipped="False" hidden="False" data="3" />
    </sympin>
    <sympin number="4" originx="200" originy="0" rotation="180" length="100" width="7.8740157480315" flipped="False">
      <text name="pinname" originx="230" originy="0" style="Default" rotation="0" justify="left" flipped="False" hidden="False" data="MH1" />
      <text name="pindes" originx="140" originy="20" style="Default" rotation="0" justify="lowerright" flipped="False" hidden="False" data="MH1" />
    </sympin>
    <sympin number="5" originx="200" originy="-100" rotation="180" length="100" width="7.8740157480315" flipped="False">
      <text name="pinname" originx="230" originy="-100" style="Default" rotation="0" justify="left" flipped="False" hidden="False" data="MH2" />
      <text name="pindes" originx="140" originy="-80" style="Default" rotation="0" justify="lowerright" flipped="False" hidden="False" data="MH2" />
    </sympin>
  </symbol>
  <component name="PJ-079BH" designatorprefix="J" height="287.40157480315" footprint="PJ079BH">
    <comppin designator="1" sympin="1" pinswap="0" gateswap="0" gate="1" group="1" side="" type="Any" name="1" />
    <comppin designator="2" sympin="2" pinswap="0" gateswap="0" gate="1" group="1" side="" type="Any" name="2" />
    <comppin designator="3" sympin="3" pinswap="0" gateswap="0" gate="1" group="1" side="" type="Any" name="3" />
    <comppin designator="MH1" sympin="4" pinswap="0" gateswap="0" gate="1" group="1" side="" type="Any" name="MH1" />
    <comppin designator="MH2" sympin="5" pinswap="0" gateswap="0" gate="1" group="1" side="" type="Any" name="MH2" />
    <attached_symbol gate="1" name="PJ-079BH" />
    <pinmap designator="1" footprintpin="1" />
    <pinmap designator="2" footprintpin="2" />
    <pinmap designator="3" footprintpin="3" />
    <pinmap designator="MH1" footprintpin="4" />
    <pinmap designator="MH2" footprintpin="5" />
    <text name="Datasheet" originx="0" originy="0" style="Default" rotation="0" justify="" flipped="False" hidden="True" data="https://datasheet.datasheetarchive.com/originals/distributors/Datasheets_SAMA/6d63345205264e9f221db1a007d96281.pdf" />
    <text name="Description" originx="0" originy="0" style="Default" rotation="0" justify="" flipped="False" hidden="True" data="DC Power Connectors power jack, 2.5 x 5.8 mm, horizontal, through hole, high current, w/ shielding,1 switch" />
    <text name="Manufacturer_Name" originx="0" originy="0" style="Default" rotation="0" justify="" flipped="False" hidden="True" data="CUI Inc." />
    <text name="Manufacturer_Part_Number" originx="750" originy="200" style="Default" rotation="0" justify="left" flipped="False" hidden="False" data="PJ-079BH" />
    <text name="Mouser Part Number" originx="0" originy="0" style="Default" rotation="0" justify="" flipped="False" hidden="True" data="490-PJ-079BH" />
    <text name="Mouser Price/Stock" originx="0" originy="0" style="Default" rotation="0" justify="" flipped="False" hidden="True" data="https://www.mouser.co.uk/ProductDetail/CUI-Devices/PJ-079BH?qs=l7cgNqFNU1gx%252Bc54Dso%252BFw%3D%3D" />
    <text name="Arrow Part Number" originx="0" originy="0" style="Default" rotation="0" justify="" flipped="False" hidden="True" data="PJ-079BH" />
    <text name="Arrow Price/Stock" originx="0" originy="0" style="Default" rotation="0" justify="" flipped="False" hidden="True" data="https://www.arrow.com/en/products/pj-079bh/cui-devices?region=nac" />
  </component>
</quadcept_library>
